ym,MOPS_USD_bbl,휘발유[95RON],경유[0.05%],나프타,Dubai,Brent,WTI,Oman,MOPS_USD_gal,MOPS_cent_gal,stage_est,short_unit_price_KRW,date,year,month,saf_dummy,sin_m,cos_m
2020-01,75.4,71.28,76.06,60.88,64.32,63.67,57.53,64.71,1.7952380952380953,179.52380952380952,3,6825,2020-01-01,2020,1,0,0.49999999999999994,0.8660254037844387
2020-02,63.05,64.46,64.67,52.33,54.23,55.48,50.54,54.52,1.5011904761904762,150.11904761904762,1,2275,2020-02-01,2020,2,0,0.8660254037844386,0.5000000000000001
2020-03,39.32,36.44,44.46,30.28,33.71,33.73,30.45,34.02,0.9361904761904762,93.61904761904762,0,0,2020-03-01,2020,3,0,1.0,6.123233995736766e-17
2020-04,21.26,20.52,28.75,17.31,20.39,26.63,16.7,20.49,0.5061904761904762,50.61904761904762,0,0,2020-04-01,2020,4,0,0.8660254037844387,-0.4999999999999998
2020-05,28.89,33.47,33.97,26.31,30.47,32.41,28.53,30.75,0.6878571428571428,68.78571428571428,0,0,2020-05-01,2020,5,0,0.49999999999999994,-0.8660254037844387
2020-06,41.2,45.33,46.12,38.98,40.8,40.77,38.31,40.85,0.980952380952381,98.0952380952381,0,0,2020-06-01,2020,6,0,1.2246467991473532e-16,-1.0
2020-07,43.94,46.63,49.91,43.49,43.3,43.22,40.77,43.41,1.0461904761904761,104.6190476190476,0,0,2020-07-01,2020,7,0,-0.4999999999999997,-0.8660254037844388
2020-08,43.3,48.22,48.03,42.91,44.0,45.02,42.39,44.22,1.0309523809523808,103.09523809523809,0,0,2020-08-01,2020,8,0,-0.8660254037844384,-0.5000000000000004
2020-09,39.33,47.24,43.35,43.0,41.51,41.87,39.63,41.58,0.9364285714285714,93.64285714285714,0,0,2020-09-01,2020,9,0,-1.0,-1.8369701987210297e-16
2020-10,41.63,45.99,43.41,41.73,40.67,41.52,39.55,40.99,0.9911904761904763,99.11904761904763,0,0,2020-10-01,2020,10,0,-0.8660254037844386,0.5000000000000001
2020-11,45.67,46.75,47.13,40.57,43.42,43.98,41.35,43.75,1.0873809523809523,108.73809523809524,0,0,2020-11-01,2020,11,0,-0.5000000000000004,0.8660254037844384
2020-12,53.88,53.48,54.45,47.61,49.84,50.22,47.07,49.99,1.282857142857143,128.28571428571428,0,0,2020-12-01,2020,12,0,-2.4492935982947064e-16,1.0
2021-01,58.04,60.09,58.87,55.62,54.82,55.32,52.1,54.83,1.381904761904762,138.1904761904762,0,0,2021-01-01,2021,1,0,0.49999999999999994,0.8660254037844387
2021-02,65.16,67.91,66.74,61.64,60.89,62.28,59.06,60.96,1.5514285714285714,155.14285714285714,1,2275,2021-02-01,2021,2,0,0.8660254037844386,0.5000000000000001
2021-03,66.79,73.46,68.77,64.79,64.44,65.7,62.36,64.49,1.5902380952380955,159.02380952380955,1,2275,2021-03-01,2021,3,0,1.0,6.123233995736766e-17
2021-04,66.75,74.02,67.72,62.18,62.92,65.33,61.7,63.0,1.5892857142857142,158.92857142857142,1,2275,2021-04-01,2021,4,0,0.8660254037844387,-0.4999999999999998
2021-05,71.74,76.22,72.11,65.66,66.34,68.31,65.16,66.42,1.7080952380952379,170.8095238095238,3,6825,2021-05-01,2021,5,0,0.49999999999999994,-0.8660254037844387
2021-06,75.94,80.35,76.8,70.52,71.6,73.41,71.35,71.72,1.808095238095238,180.8095238095238,4,9100,2021-06-01,2021,6,0,1.2246467991473532e-16,-1.0
2021-07,77.27,85.35,77.96,75.5,72.93,74.29,72.43,73.07,1.8397619047619047,183.97619047619048,4,9100,2021-07-01,2021,7,0,-0.4999999999999997,-0.8660254037844388
2021-08,74.05,80.96,73.73,70.73,69.5,70.51,67.71,69.61,1.763095238095238,176.3095238095238,3,6825,2021-08-01,2021,8,0,-0.8660254037844384,-0.5000000000000004
2021-09,79.87,84.07,79.61,75.02,72.63,74.88,71.54,72.74,1.9016666666666668,190.16666666666669,5,11375,2021-09-01,2021,9,0,-1.0,-1.8369701987210297e-16
2021-10,93.05,98.68,93.48,84.25,81.61,83.75,81.22,81.65,2.2154761904761906,221.54761904761907,8,18200,2021-10-01,2021,10,0,-0.8660254037844386,0.5000000000000001
2021-11,89.15,94.95,91.03,84.03,80.3,80.85,78.65,80.52,2.1226190476190476,212.26190476190476,7,15925,2021-11-01,2021,11,0,-0.5000000000000004,0.8660254037844384
2021-12,83.54,87.89,84.94,77.63,73.21,74.8,71.69,73.23,1.9890476190476192,198.90476190476193,5,11375,2021-12-01,2021,12,0,-2.4492935982947064e-16,1.0
2022-01,95.69,98.08,97.85,84.42,83.47,85.57,82.98,83.58,2.2783333333333333,227.83333333333334,8,18200,2022-01-01,2022,1,0,0.49999999999999994,0.8660254037844387
2022-02,106.2,110.81,110.04,95.48,92.36,94.1,91.63,92.77,2.5285714285714285,252.85714285714283,11,25025,2022-02-01,2022,2,0,0.8660254037844386,0.5000000000000001
2022-03,133.47,131.15,137.52,110.58,110.93,112.46,108.26,111.07,3.177857142857143,317.7857142857143,17,38675,2022-03-01,2022,3,0,1.0,6.123233995736766e-17
2022-04,134.42,126.95,139.49,96.55,102.82,105.92,101.64,102.82,3.20047619047619,320.047619047619,18,40950,2022-04-01,2022,4,0,0.8660254037844387,-0.4999999999999998
2022-05,142.99,147.0,145.55,94.69,108.16,111.96,109.26,108.24,3.40452380952381,340.452380952381,20,45500,2022-05-01,2022,5,0,0.49999999999999994,-0.8660254037844387
2022-06,164.32,155.2,168.54,84.34,113.27,117.5,114.34,113.31,3.912380952380952,391.2380952380952,25,56875,2022-06-01,2022,6,0,1.2246467991473532e-16,-1.0
2022-07,134.9,121.72,137.12,81.62,103.14,105.12,99.38,103.29,3.211904761904762,321.1904761904762,18,40950,2022-07-01,2022,7,0,-0.4999999999999997,-0.8660254037844388
2022-08,132.2,110.9,134.29,71.99,96.63,97.74,91.48,97.01,3.1476190476190475,314.76190476190476,17,38675,2022-08-01,2022,8,0,-0.8660254037844384,-0.5000000000000004
2022-09,120.86,97.82,124.87,67.06,90.95,90.57,83.8,91.02,2.8776190476190475,287.76190476190476,14,31850,2022-09-01,2022,9,0,-1.0,-1.8369701987210297e-16
2022-10,123.39,94.92,133.87,71.38,91.16,93.59,87.03,91.18,2.9378571428571427,293.7857142857143,15,34125,2022-10-01,2022,10,0,-0.8660254037844386,0.5000000000000001
2022-11,121.17,98.49,126.32,73.76,86.26,90.85,84.39,86.26,2.8850000000000002,288.5,14,31850,2022-11-01,2022,11,0,-0.5000000000000004,0.8660254037844384
2022-12,110.5,89.43,112.44,65.71,77.22,81.34,76.52,77.42,2.630952380952381,263.0952380952381,12,27300,2022-12-01,2022,12,0,-2.4492935982947064e-16,1.0
2023-01,115.02,99.03,113.98,72.36,80.42,83.91,78.16,80.6,2.7385714285714284,273.85714285714283,13,29575,2023-01-01,2023,1,0,0.49999999999999994,0.8660254037844387
2023-02,106.64,99.41,103.63,76.45,82.11,83.54,76.86,82.36,2.539047619047619,253.9047619047619,11,25025,2023-02-01,2023,2,0,0.8660254037844386,0.5000000000000001
2023-03,98.76,98.53,98.93,72.75,78.51,79.21,73.37,78.59,2.3514285714285714,235.14285714285714,9,20475,2023-03-01,2023,3,0,1.0,6.123233995736766e-17
2023-04,96.8,100.29,97.15,70.88,83.44,83.37,79.44,83.51,2.3047619047619046,230.47619047619045,9,20475,2023-04-01,2023,4,0,0.8660254037844387,-0.4999999999999998
2023-05,88.5,90.2,88.53,61.88,74.96,75.69,71.62,74.97,2.107142857142857,210.71428571428572,7,15925,2023-05-01,2023,5,0,0.49999999999999994,-0.8660254037844387
2023-06,90.0,92.67,91.42,56.87,74.99,74.98,70.27,75.0,2.142857142857143,214.28571428571428,7,15925,2023-06-01,2023,6,0,1.2246467991473532e-16,-1.0
2023-07,98.85,98.99,101.01,62.09,80.45,80.16,76.03,80.5,2.3535714285714286,235.35714285714286,9,20475,2023-07-01,2023,7,0,-0.4999999999999997,-0.8660254037844388
2023-08,116.64,107.66,117.28,70.21,86.46,85.1,81.32,86.58,2.777142857142857,277.7142857142857,13,29575,2023-08-01,2023,8,0,-0.8660254037844384,-0.5000000000000004
2023-09,122.88,110.27,122.62,74.14,93.25,92.59,89.43,93.21,2.9257142857142857,292.57142857142856,15,34125,2023-09-01,2023,9,0,-1.0,-1.8369701987210297e-16
2023-10,113.57,98.92,113.32,70.3,89.75,88.7,85.47,89.77,2.704047619047619,270.4047619047619,13,29575,2023-10-01,2023,10,0,-0.8660254037844386,0.5000000000000001
2023-11,106.51,98.05,103.47,69.35,83.55,82.03,77.38,83.56,2.535952380952381,253.59523809523813,11,25025,2023-11-01,2023,11,0,-0.5000000000000004,0.8660254037844384
2023-12,101.47,91.31,97.25,72.29,77.33,77.32,72.12,77.32,2.415952380952381,241.5952380952381,10,22750,2023-12-01,2023,12,0,-2.4492935982947064e-16,1.0
2024-01,101.51,95.99,101.17,72.47,78.85,79.15,73.86,78.88,2.416904761904762,241.6904761904762,10,22750,2024-01-01,2024,1,0,0.49999999999999994,0.8660254037844387
2024-02,103.3,100.16,104.98,71.9,80.88,81.72,76.61,80.89,2.4595238095238097,245.95238095238096,10,22750,2024-02-01,2024,2,0,0.8660254037844386,0.5000000000000001
2024-03,102.48,101.45,102.87,75.86,84.18,84.67,80.41,84.24,2.44,244.0,10,22750,2024-03-01,2024,3,0,1.0,6.123233995736766e-17
2024-04,102.72,106.47,103.52,75.04,89.17,89.0,84.39,89.2,2.4457142857142857,244.57142857142858,10,22750,2024-04-01,2024,4,0,0.8660254037844387,-0.4999999999999998
2024-05,95.44,95.5,95.75,71.57,84.04,83.0,78.62,84.05,2.2723809523809524,227.23809523809524,8,18200,2024-05-01,2024,5,0,0.49999999999999994,-0.8660254037844387
2024-06,97.33,93.08,97.64,71.83,82.56,83.0,78.7,82.56,2.3173809523809523,231.73809523809524,9,20475,2024-06-01,2024,6,0,1.2246467991473532e-16,-1.0
2024-07,98.37,96.54,99.0,74.41,83.83,83.88,80.48,83.83,2.342142857142857,234.21428571428572,9,20475,2024-07-01,2024,7,0,-0.4999999999999997,-0.8660254037844388
2024-08,91.48,88.94,90.7,72.36,77.6,78.88,75.43,77.63,2.178095238095238,217.8095238095238,7,15925,2024-08-01,2024,8,0,-0.8660254037844384,-0.5000000000000004
2024-09,84.46,82.86,83.36,69.99,73.52,72.87,69.37,73.53,2.010952380952381,201.09523809523807,6,13650,2024-09-01,2024,9,0,-1.0,-1.8369701987210297e-16
2024-10,87.92,85.93,87.43,72.95,74.94,75.38,71.56,74.96,2.0933333333333333,209.33333333333331,6,13650,2024-10-01,2024,10,0,-0.8660254037844386,0.5000000000000001
2024-11,89.41,84.5,89.09,69.69,72.61,73.4,69.54,72.61,2.1288095238095237,212.88095238095238,7,15925,2024-11-01,2024,11,0,-0.5000000000000004,0.8660254037844384
2024-12,87.8,84.64,88.47,69.05,73.23,73.13,69.7,73.24,2.0904761904761906,209.04761904761907,6,13650,2024-12-01,2024,12,0,-2.4492935982947064e-16,1.0
2025-01,93.45,86.74,94.76,72.84,80.41,78.35,75.1,80.42,2.225,222.5,8,18200,2025-01-01,2025,1,0,0.49999999999999994,0.8660254037844387
2025-02,91.7,86.3,90.62,72.11,77.92,74.95,71.21,77.93,2.1833333333333336,218.33333333333337,7,15925,2025-02-01,2025,2,0,0.8660254037844386,0.5000000000000001
2025-03,85.26,81.0,85.13,69.35,72.49,71.47,67.94,72.5,2.0300000000000002,203.00000000000003,6,13650,2025-03-01,2025,3,0,1.0,6.123233995736766e-17
2025-04,80.77,76.76,80.48,61.9,67.74,66.46,62.96,67.74,1.923095238095238,192.3095238095238,5,11375,2025-04-01,2025,4,0,0.8660254037844387,-0.4999999999999998
2025-05,78.06,76.47,78.85,61.22,63.73,64.01,60.94,63.73,1.8585714285714285,185.85714285714286,4,9100,2025-05-01,2025,5,0,0.49999999999999994,-0.8660254037844387
2025-06,84.63,82.0,86.58,63.82,69.26,69.8,67.33,69.35,2.0149999999999997,201.49999999999997,6,13650,2025-06-01,2025,6,0,1.2246467991473532e-16,-1.0
2025-07,87.0,79.59,89.82,62.6,70.87,69.55,67.24,71.01,2.0714285714285716,207.14285714285717,6,13650,2025-07-01,2025,7,0,-0.4999999999999997,-0.8660254037844388
2025-08,84.43,80.12,85.48,62.41,69.39,67.26,64.02,69.39,2.0102380952380954,201.02380952380955,6,13650,2025-08-01,2025,8,0,-0.8660254037844384,-0.5000000000000004
2025-09,87.03,81.55,88.22,64.88,70.01,67.58,63.53,70.07,2.072142857142857,207.2142857142857,6,13650,2025-09-01,2025,9,0,-1.0,-1.8369701987210297e-16
2025-10,87.43,79.74,87.79,61.75,65.0,63.95,60.07,65.23,2.081666666666667,208.16666666666669,6,13650,2025-10-01,2025,10,0,-0.8660254037844386,0.5000000000000001
2025-11,93.41,81.51,91.76,61.73,64.47,63.66,59.48,64.49,2.224047619047619,222.4047619047619,8,18200,2025-11-01,2025,11,0,-0.5000000000000004,0.8660254037844384
2025-12,84.34,77.3,82.09,58.46,62.05,61.63,57.87,62.12,2.008095238095238,200.80952380952382,6,13650,2025-12-01,2025,12,0,-2.4492935982947064e-16,1.0
2026-01,83.31,72.95,82.32,59.26,61.97,64.73,60.26,62.19,1.9835714285714285,198.35714285714286,5,11375,2026-01-01,2026,1,0,0.49999999999999994,0.8660254037844387
2026-02,89.02,77.33,88.83,65.7,68.4,69.37,64.52,68.41,2.1195238095238094,211.95238095238093,7,15925,2026-02-01,2026,2,0,0.8660254037844386,0.5000000000000001
2026-03,195.38,137.52,191.72,115.83,128.52,99.6,91.0,128.52,4.6519047619047615,465.19047619047615,32,72800,2026-03-01,2026,3,0,1.0,6.123233995736766e-17
2026-04,200.41,133.54,180.16,121.6,105.7,102.46,98.06,105.7,4.7716666666666665,477.16666666666663,33,75075,2026-04-01,2026,4,0,0.8660254037844387,-0.4999999999999998
2026-05,157.25,134.54,148.67,111.37,103.61,106.65,101.04,103.6,3.744047619047619,374.4047619047619,23,52325,2026-05-01,2026,5,0,0.49999999999999994,-0.8660254037844387
